year,state,total_votes,dem,rep,other
1976,AK,123574,0.3565313091750690,0.5790457539611890,0.054906371890527100
1976,AL,1182850,0.55727268884473900,0.42614870862746800,0.01631821448197150
1976,AR,767535,0.6496172812966180,0.3490433661005690,0.001339352602812900
1976,AZ,742719,0.39799978188251500,0.5636613577948050,0.03830923942971700
1976,CA,7803770,0.47954821836112500,0.4974831395594690,0.02296864207940520
1976,CO,1081440,0.4260994599792870,0.5402777777777780,0.033622762242935300
1976,CT,1386355,0.46733700964038800,0.5188144450735920,0.013848545286019800
1976,DC,168830,0.8163122667772320,0.16509506604276500,0.016886809216371500
1976,DE,235642,0.5196908870235360,0.46587620203529100,0.014432910941173500
1976,FL,3150631,0.5192610623078360,0.46642434483759000,0.01427269648524380
1976,GA,1463152,0.6693829485931740,0.3306170514068260,NA
1976,HI,291301,0.5059199934088800,0.48061283689379700,0.013467169697323400
1976,IA,1279303,0.48458496540694400,0.49469437654722900,0.020720658045826500
1976,ID,340932,0.37118545633733400,0.5988026937923100,0.030011849870355400
1976,IL,4721282,0.48107590268914200,0.5007684353529400,0.017220110978331700
1976,IN,2220362,0.45700385792947300,0.5332274647107090,0.009768677359817900
1976,KS,957845,0.44936393675385900,0.5248782423043390,0.025757820941801600
1976,KY,1167142,0.5275424926872650,0.45568748275702500,0.016770024555709600
1976,LA,1277383,0.5177499622274600,0.45988243150253300,0.022367606270006700
1976,MA,2547558,0.5611157822510810,0.40441709276098900,0.034467124987929600
1976,MD,1432273,0.5303541992343640,0.46964580076563600,NA
1976,ME,482968,0.480940766261947,0.489307780225605,0.02975145351244800
1976,MI,3651590,0.46465074118397700,0.518607510700818,0.01674174811520460
1976,MN,1949931,0.5489630145887210,0.4202174333348210,0.030644161254936700
1976,MO,1953600,0.5110498566748570,0.47473536036036000,0.014214782964783000
1976,MS,768390,0.4962701232447070,0.4774216218326630,0.026308254922630400
1976,MT,328734,0.4540418697183740,0.5283998612860250,0.017558268995601300
1976,NC,1677906,0.5526918671248570,0.4421940204040040,0.005114112471139620
1976,ND,297308,0.4577004318753620,0.5169184818437450,0.02538108628089390
1976,NE,606749,0.38449671940126800,0.5920388826351590,0.023464397963573100
1976,NH,339627,0.43472692100451400,0.5474682519352110,0.017804827060274900
1976,NJ,3014472,0.4792391503387660,0.500813409446165,0.019947440215069200
1976,NM,416590,0.4828440433039680,0.5074989798122850,0.00965697688374661
1976,NV,201876,0.4580980403812240,0.5016594345043490,0.04024252511442670
1976,NY,6668262,0.508312060923821,0.4650073737354650,0.026680565340714000
1976,OH,4110456,0.4889868666639420,0.48671631565938200,0.024296817676676300
1976,OK,1092251,0.48747220190231,0.4996177618514430,0.012910036246247400
1976,OR,1029876,0.47618062757069800,0.4778439346096040,0.04004559772244430
1976,PA,4620787,0.5039567935072530,0.4773221531310580,0.018721053361689300
1976,RI,410584,0.5544200455935940,0.4414419461060340,0.004138008300372150
1976,SC,802583,0.5616951766982360,0.43129371043244100,0.006162602497187210
1976,SD,300678,0.48912125263571000,0.5038779026067750,0.007000844757514680
1976,TN,1476346,0.5594074830696870,0.4294176297426210,0.011019097149313200
1976,TX,4071884,0.511389568072175,0.4797042351894110,0.008173857604980890
1976,UT,541218,0.3364817873758820,0.6243473055219890,0.0391709071021289
1976,VA,1697094,0.47958215632133500,0.4929332140706410,0.02748462960802410
1976,VT,183902,0.42304053245750500,0.5458722580504830,0.03108720949201210
1976,WA,1555534,0.46114260440466100,0.49997749968821,0.038879895907129
1976,WI,2101336,0.4950336357441170,0.4782609730190700,0.02670539123681320
1976,WV,750590,0.5806951864533230,0.4193048135466770,NA
1976,WY,156343,0.39809265525159400,0.5930358250769140,NA
1980,AK,158445,0.2640790179557580,0.5434819653507530,0.18703019975385800
1980,AL,1341929,0.47448859067804600,0.4875012016284020,0.038010207693551600
1980,AR,837582,0.4752263062004680,0.4813427222648050,0.043430971534727300
1980,AZ,873945,0.28244683589928400,0.6060884838290740,0.1114646802716420
1980,CA,8582938,0.35919436910764100,0.5269750288304540,0.11383060206190500
1980,CO,1184450,0.3107003250453800,0.5506893494871040,0.13861032546751700
1980,CT,1406285,0.3852220566954780,0.4815595700729230,0.13262389913851000
1980,DC,173889,0.7489317898199430,0.134068284940393,0.11303187665694800
1980,DE,235668,0.4487414498362100,0.47207087937267700,0.07918767079111290
1980,FL,3686927,0.38500219830769600,0.5551916270650330,0.05972887448002090
1980,GA,1596805,0.5579610534786650,0.409673065903476,0.032365880617858800
1980,HI,303287,0.4480211812573570,0.42900618885741900,0.12297262988522400
1980,IA,1317661,0.3860416298273990,0.5130500181761470,0.10051447223527100
1980,ID,437431,0.25190715792890800,0.6645596676961620,0.08353317437493000
1980,IL,4749721,0.41716408184817600,0.49646052894475300,0.08624822384304260
1980,IN,2242033,0.3765319243739950,0.5600524167128670,0.0634156589131382
1980,KS,979795,0.33287575462214000,0.578500604718334,0.08862364065952570
1980,KY,1295627,0.4765391582608270,0.4903216743707870,0.03313916736838610
1980,LA,1548591,0.45748231779727500,0.5119834740096000,0.030534208193125200
1980,MA,2524090,0.41749779128319500,0.41901477364119300,0.1625805735928590
1980,MD,1540496,0.4713812953749960,0.44180965091762700,0.08680905370737740
1980,ME,523011,0.42250354199051300,0.45605541757247900,0.12128043196032200
1980,MI,3909725,0.42497413500949600,0.48986181892588400,0.08491952758825750
1980,MN,2051916,0.4650156244212730,0.4255866224543310,0.10926080794730400
1980,MO,2099824,0.4434571659339070,0.511557635306578,0.0446975556046602
1980,MS,891750,0.48139164564059400,0.49463302495093900,0.023975329408466500
1980,MT,363952,0.32430650195630200,0.5682452631116190,0.10744823493207900
1980,NC,1855833,0.47182855353903100,0.49304975178262300,0.035121694678346600
1980,ND,301116,0.262985029025359,0.6432570836488260,0.09375788732581460
1980,NE,639533,0.2602273846697510,0.6555001852914550,0.08427243003879390
1980,NH,383990,0.28350738300476600,0.5773718065574630,0.13894372249277300
1980,NJ,2975684,0.3855799204485420,0.5197315978443950,0.09468848170706300
1980,NM,456237,0.36784828937591600,0.5496682645204140,0.0824834461036698
1980,NV,243692,0.2735666332912040,0.6361185430789690,0.09031482362982780
1980,NY,6201959,0.4399209991552670,0.4665995050918590,0.09330793705666230
1980,OH,4283603,0.40909813537809200,0.5151142624561610,0.07578760216574690
1980,OK,1149708,0.3496766135401340,0.6049970949145350,0.04532629154533150
1980,OR,1181516,0.3866981065004620,0.48331465676300600,0.12853740448711700
1980,PA,4561501,0.4247593062020590,0.49586134037896700,0.07937935341897330
1980,RI,415967,0.4768214786269100,0.3721280774676840,0.15105044390540600
1980,SC,888258,0.4820896631384130,0.4945376230779800,0.023372713783607900
1980,SD,327703,0.3169180630021700,0.605252316884496,0.07782962011333430
1980,TN,1617616,0.4840771851910470,0.48698887745917400,0.02883997190927880
1980,TX,4541636,0.414200301389191,0.5528195126161590,0.03286392832891060
1980,UT,604152,0.20568664839312000,0.7277754604801440,0.06653789112673630
1980,VA,1866032,0.40308740686119000,0.5303279900880590,0.06658460305075160
1980,VT,213299,0.3842118340920490,0.4436401483363730,0.17021176845648600
1980,WA,1742394,0.3731607202504140,0.4965834363525130,0.13025584339707300
1980,WI,2273221,0.4318031550825900,0.47898774470234100,0.08862094798525970
1980,WV,737715,0.49810834807479900,0.45302860860901600,0.04886304331618580
1980,WY,176713,0.27970211586018000,0.6264394809663130,0.09385840317350730
1984,AK,207605,0.29867777751017600,0.666539823221984,0.034782399267840400
1984,AL,1441713,0.38280781265064500,0.6054249354760620,0.011767251873292400
1984,AR,884406,0.38290785001458600,0.6046702532547270,0.012421896730687000
1984,AZ,1025897,0.32542643169830900,0.6642148285841560,0.010358739717535000
1984,CA,9505041,0.41267775699231600,0.5751694285169310,0.012152814490752900
1984,CO,1295380,0.3512289830011270,0.6344215596967690,0.014349457302104400
1984,CT,1466900,0.3882998159383730,0.6073195173495130,0.004380666712113980
1984,DC,211288,0.853848775131574,0.137296013024876,0.008855211843550040
1984,DE,254572,0.3993212136448630,0.5978269409047340,0.0028518454504030300
1984,FL,4180051,0.3466024696827860,0.653185810412361,2.11719904852836E-04
1984,GA,1776103,0.3978530524412150,0.6017229856601790,4.23961898606106E-04
1984,HI,335846,0.43815915627996200,0.5509965877217530,0.010844255998284900
1984,IA,1319805,0.4588708180375130,0.5327211216808540,0.008408060281632510
1984,ID,411144,0.2639221294728850,0.723646702858366,0.012431167668748700
1984,IL,4819088,0.43296553206747800,0.5617459154097210,0.0052885525228009900
1984,IN,2233069,0.3768271378985600,0.6167431458678620,0.006429716233578090
1984,KS,1021991,0.32598036577621500,0.66272207876586,0.011297555457924800
1984,KY,1369345,0.39401246581394800,0.6000693762346230,0.005918157951429330
1984,LA,1706822,0.38175392630280100,0.6077370692433070,0.010509004453891500
1984,MA,2559383,0.4843378267340210,0.5122078250890940,0.0034543481768848200
1984,MD,1675873,0.4701639086016660,0.5250505259050060,0.004785565493327960
1984,ME,553144,0.3878104074165140,0.6083406852465180,0.003848907336968310
1984,MI,3801658,0.4023607594370670,0.5922602717025050,0.005378968860428790
1984,MN,2084449,0.49718846563288400,0.49538415187898600,0.007427382488129960
1984,MO,2122771,0.39975249332123000,0.6002475066787700,NA
1984,MS,941104,0.3742328159268260,0.6188232118873150,0.006943972185858310
1984,MT,384377,0.381765818454278,0.6047448208399570,0.013489360705765400
1984,NC,2175361,0.37891963678672200,0.6189689895148440,0.0021113736984344200
1984,ND,308971,0.33798964951403200,0.6483974224118120,0.013612928074155800
1984,NE,652090,0.28809826864389900,0.7055069085555680,0.0063948228005336700
1984,NH,388904,0.30945168987719300,0.6866733178367930,0.003874992286014030
1984,NJ,3217862,0.3919754793710860,0.6009051973018110,0.007119323327103520
1984,NM,514370,0.392264323347007,0.5970429846219650,0.010692692031028200
1984,NV,282717,0.32419345140193200,0.6676995016217630,0.008107046976304930
1984,NY,6806810,0.45830704838242900,0.5383965469875020,0.0032964046300690000
1984,OH,4563235,0.40003199484576200,0.5869868634861010,0.012981141668136700
1984,OK,1255676,0.30667146620625100,0.6861085184394700,0.007220015354279290
1984,OR,1226527,0.43739681230009600,0.559058218856984,0.003544968842919890
1984,PA,4844903,0.45989176666694900,0.5334106792230930,0.006697554109958450
1984,RI,410489,0.4801736465532570,0.5166520905554110,0.0031742628913320500
1984,SC,968529,0.3556517151267540,0.6355400819180430,0.0088082029552032
1984,SD,317867,0.365287997810405,0.6300339450147390,0.004678057174856150
1984,TN,1711993,0.4157224941924410,0.5783972247550080,0.005880281052551030
1984,TX,5397571,0.36113948292667200,0.636106129961051,0.0027543871122769900
1984,UT,629656,0.246752194849251,0.7450179145438140,0.00822989060693458
1984,VA,2146635,0.3709293848278820,0.622871610683698,0.006199004488420250
1984,VT,234561,0.408124112704158,0.579230988953833,0.012644898342009100
1984,WA,1874910,0.42580817212559500,0.5609175907110210,0.013274237163383800
1984,WI,2211689,0.4502170060980550,0.5419315283477920,0.007851465554153410
1984,WV,735742,0.44597834567008500,0.551121181066189,0.0029004732637256000
1984,WY,188968,0.28242877100884800,0.7050982176876510,0.012473011303501100
1988,AK,200116,0.362709628415519,0.595909372563913,0.03659877271182710
1988,AL,1378476,0.39863298309147200,0.5916504893810270,0.009349455485623250
1988,AR,827738,0.4219173216645850,0.563678361993771,0.014404316341644300
1988,AZ,1171873,0.387438741228785,0.5995026764845680,0.012811115197636600
1988,CA,9887065,0.4755944256460340,0.5112656789451670,0.013057869044049000
1988,CO,1372394,0.45282404324122700,0.5305888833673130,0.016485790523712600
1988,CT,1443394,0.4687451936200370,0.5197756122029050,0.011474344496374500
1988,DC,192877,0.8264697190437430,0.1430445309705150,0.022433986426582700
1988,DE,249891,0.4347775630174760,0.5587996366415760,0.006422800340948650
1988,FL,4302313,0.3850721693191550,0.6087155908926200,0.006148088249274290
1988,GA,1809672,0.394984284444916,0.5975287234371750,0.007478703323033120
1988,HI,354461,0.5426944007944460,0.44751044543687500,0.00979515376867977
1988,IA,1225614,0.5471192398259160,0.4449647278833300,0.007916032290753860
1988,ID,408968,0.36010641419377600,0.6207845112576050,0.01910907454861990
1988,IL,4559120,0.4860455526505120,0.5068826878871360,0.007071759462352380
1988,IN,2168621,0.39686187674102600,0.5984277566250630,0.0047103666339116000
1988,KS,993044,0.4255964488985380,0.5579299608073760,0.01647359029408570
1988,KY,1322517,0.4388359469103230,0.5552147911898300,0.0059492618998470300
1988,LA,1628202,0.4406455710040890,0.5427471529945300,0.016607276001380700
1988,MA,2632801,0.5322905149306770,0.4537505873022690,0.013958897767054900
1988,MD,1714358,0.48199034274054800,0.511075866300971,0.006919791548789690
1988,ME,555035,0.4388353887592670,0.5533542929725150,0.00781031826821732
1988,MI,3669163,0.4567207834593340,0.5356769377648250,0.007602278775840700
1988,MN,2096790,0.5291283342633260,0.4589572632452460,0.01019081548462170
1988,MO,2093228,0.4785044916272860,0.5183157305367600,0.0031797778359548000
1988,MS,931527,0.39067144591622100,0.5988983679485410,0.010430186135238200
1988,MT,365674,0.46198526556441000,0.5207151725307240,0.017299561904866100
1988,NC,2134370,0.41706311464272800,0.5796829977932600,0.002662143864465860
1988,ND,297261,0.429720010361265,0.5603123181312050,0.00996767150753042
1988,NE,661465,0.39191038074576900,0.6016282040621950,0.00646141519203586
1988,NH,450525,0.36334498640475,0.624908717607236,0.011746295988014000
1988,NJ,3099553,0.4259814237730410,0.5624010946094490,0.011617481617510700
1988,NM,521387,0.4689357425482420,0.5185035300074610,0.01238235705915180
1988,NV,343133,0.38684125397440600,0.6004668743606710,0.012691871664922900
1988,NY,6485683,0.5161957499310400,0.47518064018855100,0.008623609880408890
1988,OH,4393585,0.4414684136075670,0.5500175824525990,0.008434342342301330
1988,OK,1171036,0.41281651460757800,0.5792879125833880,0.007895572809034050
1988,OR,1201694,0.5127811239799820,0.4661136695365040,0.021105206483514100
1988,PA,4536251,0.48386740504438600,0.5070457961872040,0.0090867987684103000
1988,RI,404622,0.5563785459021010,0.43932608706397600,0.004164380582370710
1988,SC,986009,0.37581198548897600,0.6150481385058350,0.009139876005188590
1988,SD,312991,0.4650612956922080,0.5284976245323350,0.006441079775456800
1988,TN,1636250,0.4154585179526360,0.5789048128342250,0.0054624904507257400
1988,TX,5427410,0.433493692203095,0.559535579585843,0.0069209807256131400
1988,UT,647008,0.320464352836441,0.6621896483505610,0.017345998812997700
1988,VA,2191609,0.3923140487194570,0.5973519911626570,0.010333960117886000
1988,VT,243328,0.47579809968437700,0.510960514203051,0.01324138611257230
1988,WA,1865253,0.5004768790078340,0.48456429235068900,0.014958828641476500
1988,WI,2191608,0.5141403024628490,0.47795910582549400,0.007900591711656470
1988,WV,653311,0.5219811085378940,0.47460550947404800,0.003413381988057760
1988,WY,176551,0.3801337857049800,0.6053038498790720,0.0145623644159478
1992,AK,258506,0.3028711132430200,0.3945749808515080,0.3011419464151700
1992,AL,1688060,0.4088006350485170,0.4764540359939810,0.1143170266459720
1992,AR,950653,0.5320795284925200,0.3548339930553000,0.11308647845218000
1992,AZ,1486975,0.3652045259671480,0.38473141781132800,0.25005867617142200
1992,CA,11131721,0.46006587840280900,0.32614669375921300,0.21339494584889400
1992,CO,1569180,0.40128028651907400,0.35869052626212400,0.24002918721880200
1992,CT,1616156,0.42218572959541000,0.35783241221763200,0.2199818581869570
1992,DC,227572,0.8464090485648500,0.09095143515019420,0.05966902782416110
1992,DE,289620,0.43523927905531400,0.35326634900904600,0.2114943719356400
1992,FL,5313392,0.3899012156452980,0.4090249693604390,0.20102902251518400
1992,GA,2321133,0.4346868533599760,0.4287785318635340,0.13647085281196700
1992,HI,372842,0.48092757790163100,0.3669704593366630,0.15210196276170600
1992,IA,1354607,0.43285838623305500,0.37272138708865400,0.1944202266782910
1992,ID,482114,0.2841921205358070,0.4203258980241190,0.2954819814400740
1992,IL,5050157,0.48579677819917300,0.3433746713221000,0.17082419417851800
1992,IN,2305871,0.3679390564346400,0.42906780127769500,0.20228928678143700
1992,KS,1157236,0.3373849413602760,0.38881524598266900,0.2736451337497280
1992,KY,1492900,0.4455114207247640,0.4134088016611960,0.14104829526425100
1992,LA,1790017,0.4558453914124840,0.40970895807134800,0.13444565051616800
1992,MA,2773664,0.47541410927927800,0.2902438795758970,0.23434201114482500
1992,MD,1984580,0.4981260518598390,0.3562940269477670,0.14557992119239300
1992,ME,679499,0.3876679730213000,0.30390626034769700,0.30842576663100300
1992,MI,4274673,0.43773687484399400,0.36375647915056900,0.19829282848068100
1992,MN,2347948,0.4348465127847810,0.3185083315303410,0.24558082206249900
1992,MO,2391270,0.4407168575694090,0.3392168178415650,0.22006632458902600
1992,MS,981793,0.40768064143867400,0.4968389467026150,0.09548041185871160
1992,MT,410583,0.3763112452293450,0.3512249654759210,0.2724637892947350
1992,NC,2611850,0.42653368302161300,0.43442808737102100,0.13903822960736600
1992,ND,308133,0.32183505174713500,0.442159716745691,0.23600523150717400
1992,NE,737546,0.29403454157435600,0.4659750035929960,0.23999045483264800
1992,NH,537215,0.38911795091350800,0.37691427082266900,0.23396777826382400
1992,NJ,3343594,0.42953959123027500,0.40581033462794800,0.1646500741417770
1992,NM,569986,0.45898846638338500,0.37338460944654800,0.16762692417006700
1992,NV,506318,0.3735754999822250,0.34726792253090000,0.27915657748687600
1992,NY,7079432,0.48654327070307300,0.3314741917148160,0.1819825375821110
1992,OH,4939967,0.4018128056321020,0.38346612436884700,0.21471256791796400
1992,OK,1390359,0.3402473749585540,0.4264574832830950,0.23329514175835200
1992,OR,1462643,0.42478855058958300,0.32527212723815700,0.24886934132252400
1992,PA,4959810,0.45146164873251200,0.3612721051814490,0.1872662460860400
1992,RI,453365,0.4704796356136890,0.29027604689378300,0.23924431749252800
1992,SC,1228912,0.4276254117463250,0.46993356725298500,0.10244102100069000
1992,SD,336254,0.37140970813730100,0.4065914457523180,0.22199884611038100
1992,TN,1982638,0.47084793088803900,0.42433364033172000,0.1047372238401560
1992,TX,6154018,0.37078458334051000,0.40560021111410500,0.22334676304164200
1992,UT,743998,0.24654501759413300,0.4336463270062550,0.3198086553996110
1992,VA,2559129,0.4058607440265810,0.4495736635394310,0.1443842807455190
1992,VT,289701,0.46113751764750600,0.30418258825478700,0.2329953987041810
1992,WA,2287565,0.43410220037463400,0.31965605348919000,0.24624174613617500
1992,WI,2531064,0.4113155574098480,0.36777220963199700,0.22091223295815500
1992,WV,683677,0.4841482161898090,0.35393029164356900,0.16192149216662300
1992,WY,199884,0.34099777871165300,0.3969652398391070,0.26203698144924100
1996,AK,241620,0.33267113649532300,0.5080125817399220,0.15669232679414000
1996,AL,1534349,0.4315608769582410,0.5012184320516390,0.06648878449427090
1996,AR,884262,0.5373644915194820,0.36800857664357400,0.09462693183694430
1996,AZ,1404405,0.4651706594607680,0.4429441649666590,0.09005308297820070
1996,CA,10019469,0.5109886561852730,0.3820942008004620,0.10683200876214100
1996,CO,1510702,0.44426498409348800,0.457964575409313,0.09777044049719930
1996,CT,1392614,0.5283158147196570,0.34690804487101200,0.12477255003899100
1996,DC,185726,0.8519001109160810,0.09335795742114730,0.05125292096960040
1996,DE,270810,0.518278497839814,0.3657988995975040,0.11592260256268200
1996,FL,5303154,0.4802557119781930,0.42324548749668600,0.09564044340405730
1996,GA,2298899,0.4584146584952190,0.4701568011469840,0.07142854035779740
1996,HI,360120,0.5692880151060760,0.3164028657114300,0.11430911918249500
1996,IA,1234075,0.5026096469015250,0.3992010210076370,0.09818933209083730
1996,ID,491711,0.3364638985094900,0.521841081448249,0.1416950200422610
1996,IL,4311391,0.5431527783028730,0.3680995298269170,0.08840951794907950
1996,IN,2135431,0.41557137645749300,0.4714238015651170,0.11235717754401800
1996,KS,1074300,0.3608479940426320,0.542907009215303,0.09528995625058180
1996,KY,1388708,0.4584217848532590,0.4488222146052300,0.0922454540479352
1996,LA,1783959,0.5200999574541790,0.3994407943231880,0.08045924822263290
1996,MA,2556459,0.614720987115381,0.2808799202334170,0.10259073194602400
1996,MD,1780870,0.5425477435186170,0.38269497492798500,0.0732765446102186
1996,ME,605897,0.5162395588689170,0.3076067384390420,0.17615370269204200
1996,MI,3848844,0.5169482057469720,0.3848459433533810,0.09699042101992180
1996,MN,2192492,0.5110075658200810,0.3495542971194420,0.13811407293618400
1996,MO,2158065,0.4753957827961620,0.41241389856190600,0.11219031864193200
1996,MS,893857,0.4408110022072880,0.4920675231049260,0.06712147468778560
1996,MT,407083,0.41250064483164400,0.44131540742305600,0.1461839477453000
1996,NC,2515807,0.4403553213740160,0.4872941366328980,0.07137669940500210
1996,ND,266411,0.4012784757386140,0.46938752528987200,0.12933399897151400
1996,NE,677415,0.34950658016134900,0.5365499730593510,0.11394344677930100
1996,NH,496597,0.4957057734944030,0.395664895277257,0.10862933122834000
1996,NJ,3075860,0.5372029286118350,0.3586310820388440,0.10416598934932000
1996,NM,556074,0.4918320223567370,0.4185611986893830,0.08960677895388020
1996,NV,464279,0.43933496884416500,0.4291471292046380,0.13151790195119700
1996,NY,6439129,0.5833361934510090,0.30027228837937600,0.11639151816961600
1996,OH,4534434,0.4737574744720070,0.4101687222705190,0.11607380325747400
1996,OK,1206713,0.40449137450247100,0.48256296236139,0.11294566313613900
1996,OR,1377760,0.4715197131575890,0.3905992335384970,0.1378810533039140
1996,PA,4501307,0.492261247677619,0.40014355830428800,0.10759519401809300
1996,RI,390247,0.5971858848370390,0.26824805828103700,0.1345660568819240
1996,SC,1150182,0.44006252923450400,0.498476762807973,0.061460707957523200
1996,SD,323826,0.43027119502448800,0.46488855125900900,0.10484025371650200
1996,TN,1894105,0.4799871179264090,0.4559039757563600,0.06400859508844550
1996,TX,5611644,0.43831771937065100,0.48758741645050900,0.07318479219280480
1996,UT,665629,0.3329677643251720,0.54371278895601,0.12308057491485500
1996,VA,2416642,0.45147771163457400,0.471046187230049,0.0774761011353771
1996,VT,258449,0.5335443356329490,0.31090079667555300,0.15338809591060500
1996,WA,2253837,0.49840472048333600,0.3730136651408240,0.12858161437584000
1996,WI,2196169,0.48810952162606800,0.3847741225743560,0.12711635579957600
1996,WV,636459,0.515055958042859,0.3675743449303100,0.11736969702683100
1996,WY,211571,0.3683586124752450,0.4981211980848040,0.1335201894399520
2000,AK,285560,0.27666339823504700,0.5862095531587060,0.13338702899565800
2000,AL,1666272,0.4156650294789810,0.5648375535326770,0.019077917650899700
2000,AR,921781,0.4586425626043500,0.5130719769663290,0.028285460429321100
2000,AZ,1532016,0.4473458501738890,0.5102113816043700,0.04237096740504020
2000,CA,10965822,0.5344973682775450,0.41651496805255500,0.0489876636699009
2000,CO,1741368,0.4239350901130610,0.507502147736722,0.06856276215021750
2000,CT,1459525,0.5590962813244040,0.384436032270773,0.05643068806632300
2000,DC,201894,0.8515508137933770,0.08951727143946820,0.05626219699446240
2000,DE,327529,0.5497772716309090,0.4191628832866710,0.03105984508242020
2000,FL,5963110,0.48837821204036100,0.4884682657204040,0.02314681433010630
2000,GA,2583208,0.4321099965624140,0.5495956965137920,0.01829430692379400
2000,HI,367951,0.5579166791230350,0.3746286869719070,0.06745463390505800
2000,IA,1353022,0.4719191557860850,0.4688563822317750,0.05922446198214070
2000,ID,501615,0.27638128843834400,0.6717043948047810,0.027409467420232600
2000,IL,4742108,0.545965212095549,0.42584879973210200,0.02817628784498370
2000,IN,2199302,0.4101210293083900,0.566468816015263,0.01477241415685520
2000,KS,1072216,0.3723839226424530,0.580416632469577,0.047199444887970300
2000,KY,1544106,0.4137818258591060,0.565064833631888,0.021101530594402200
2000,LA,1765656,0.44875332454339900,0.5255106317425370,0.02573604371406440
2000,MA,2733964,0.5912612602067910,0.32132902993602000,0.08740970985718900
2000,MD,2025212,0.5648830838450490,0.40184780655062300,0.03245141743185410
2000,ME,651817,0.4908601647394900,0.43971850994987900,0.06942132531063170
2000,MI,4232501,0.5127979887069140,0.46146214732140600,0.025302533891899800
2000,MN,2438685,0.479055720603522,0.4550235065209320,0.06590929127788130
2000,MO,2359892,0.47084273348102400,0.5042281595937440,0.02492910692523220
2000,MS,994184,0.40698100150475200,0.5761951509982060,0.016823847497042800
2000,MT,410986,0.3336512679264010,0.584394602249225,0.08195412982437360
2000,NC,2914990,0.43145671168683300,0.559577562873286,0.008965725439881440
2000,ND,288256,0.3305533969804620,0.6065858126110120,0.06286079040852580
2000,NE,697009,0.3325351609520110,0.6224625506987710,0.04501663536625780
2000,NH,569081,0.46803179160787300,0.4807030985044310,0.04902289832203150
2000,NJ,3187226,0.5612560891508790,0.40291243859080000,0.03583147225832120
2000,NM,598605,0.47908554054844200,0.47847411899332600,0.042440340458232100
2000,NV,609426,0.4594126276200880,0.49485089247915300,0.045736479900759100
2000,NY,6960215,0.5901681198066440,0.34530168967481600,0.06452990317109460
2000,OH,4701998,0.46440428090356500,0.4998647383516540,0.03573098074478130
2000,OK,1234229,0.38426904569573400,0.603078521084823,0.012652433219443100
2000,OR,1533950,0.46959940024120700,0.46518921737996700,0.06521138237882590
2000,PA,4912185,0.5060817131276610,0.4643813292862550,0.0295369575860844
2000,RI,409112,0.6098770018967910,0.31911799213907200,0.0702008252019007
2000,SC,1383902,0.40901523373764900,0.5686038462261060,0.022380920036245300
2000,SD,316269,0.37564225390411300,0.6029677268401270,0.021390019255760100
2000,TN,2076181,0.4728489471775340,0.5114915318076800,0.015453373284891800
2000,TX,6407637,0.37981958091571000,0.5929859946810350,0.02708455550774800
2000,UT,770754,0.26344722181136900,0.6683014295092860,0.06825005124851770
2000,VA,2739447,0.4443561054475590,0.5247372918694910,0.029881943326518100
2000,VT,294308,0.5063470921619530,0.4069716079753180,0.08493483017790890
2000,WA,2487433,0.5015821531675430,0.44578647947502500,0.05263136735743230
2000,WI,2598607,0.47832819660687400,0.4761316351414430,0.045540168251682500
2000,WV,648124,0.4559266436669530,0.5191521992705100,0.02488412711147870
2000,WY,213726,0.282983820405566,0.6922274313841090,0.02478874821032540
2004,AK,312598,0.35516861912104400,0.6106532991253940,0.031650874285824000
2004,AL,1883415,0.36844402322377200,0.6246068975770080,0.006472285715044220
2004,AR,1054945,0.44547630445189100,0.5430595907843540,0.011464104763755500
2004,AZ,2012585,0.44396832928795600,0.5486943408601380,0.005890931314702240
2004,CA,12421353,0.5430555753467440,0.44357695977241800,0.011688581751118400
2004,CO,2129630,0.47037842254288300,0.5171109535459210,0.012510623911195800
2004,CT,1578769,0.543137089719902,0.4394727791082800,0.01738253031317440
2004,DC,227586,0.8918386895503240,0.09339766066454,0.012540314430588900
2004,DE,375190,0.5334683760228150,0.4575281857192360,0.009003438257949310
2004,FL,7609810,0.4709111002771420,0.5209751623233700,0.008113737399488290
2004,GA,3301875,0.41374946053378800,0.5797475676698850,0.005568654173764910
2004,HI,429013,0.5400955215809310,0.45264595711551900,0.007258521303550240
2004,IA,1506908,0.4923313168421700,0.4990065750530230,0.007936118196996770
2004,ID,598376,0.3026491704212740,0.6839094482399030,0.013441381338823700
2004,IL,5274322,0.5482316020902780,0.4447862682634850,0.006150932764438730
2004,IN,2468002,0.39262974665336600,0.5994476503665720,0.007316849824270810
2004,KS,1187756,0.3662309430556440,0.620039806155473,0.013689680372062900
2004,KY,1795882,0.39687072981409700,0.5954951383220060,0.007621881615829990
2004,LA,1943106,0.4221586470321230,0.5672202134109000,0.010621139556977300
2004,MA,2927455,0.616166602048537,0.3658840187124990,0.01630768022053290
2004,MD,2384238,0.5597146761355200,0.4297821777859430,0.010485949808702000
2004,ME,740752,0.5357285569259350,0.44576457437846900,0.018506868695595800
2004,MI,4839252,0.5123070672905650,0.4781205855781020,0.00957234713133352
2004,MN,2828387,0.5108968468600650,0.47613533791521500,0.012072605340075500
2004,MO,2731364,0.46100446516831900,0.5329619193926550,0.0055598594694811800
2004,MS,1139824,0.40161112592821300,0.5901437414899140,0.008245132581872290
2004,MT,450434,0.3856502839483700,0.5906814316858850,0.023668284365745000
2004,NC,3501007,0.435831462205017,0.5601719733779450,0.0033507502270061200
2004,ND,312833,0.3549881246543680,0.6286133496146510,0.01636975638759340
2004,NE,778186,0.3268216082016380,0.6589864119889080,0.012995607733883700
2004,NH,678287,0.5020161082255740,0.4883434298460680,0.008217760328592470
2004,NJ,3611691,0.5292340900702750,0.4623881168128720,0.00837779311685302
2004,NM,756304,0.490466796420487,0.498384247604138,0.01114895597537500
2004,NV,829587,0.4787804051895700,0.504696915453111,0.016522679357318800
2004,NY,7448266,0.5792328039841760,0.3977525775798020,0.022973803567165800
2004,OH,5627903,0.48706685243153600,0.508140243355296,0.004729292597971220
2004,OK,1463758,0.3442959833524390,0.6557040166475610,NA
2004,OR,1836782,0.5134866304221190,0.47192916742433200,0.014584202153549000
2004,PA,5769590,0.5092380914415060,0.484236661530542,0.006064902358746460
2004,RI,437134,0.5942342622628300,0.3867143713369360,0.019051366400234300
2004,SC,1617700,0.40901835939914700,0.5798194968164680,0.011162143784385200
2004,SD,388215,0.38443645917854800,0.5991113171824890,0.016452223638962900
2004,TN,2437319,0.4252529110879620,0.5679908949136330,0.00674019281021483
2004,TX,7410749,0.3822426046274140,0.6108582276906150,0.005233883916457030
2004,UT,927844,0.25995641508701900,0.7153594785330290,0.024637762382469500
2004,VA,3195415,0.4552591760381670,0.5373195656902160,0.006632315364357990
2004,VT,312309,0.5893746257712710,0.38801315363950400,0.019547947705637700
2004,WA,2859084,0.5282114831183690,0.45640281992414400,0.015385696957487100
2004,WI,2997007,0.49699717084411200,0.49319871458425000,0.009804114571637640
2004,WV,755792,0.43205141097021400,0.5607071786946670,0.0072347947583462100
2004,WY,243861,0.2902309102316480,0.6873956885274810,0.020405066820852900
2008,AK,326197,0.37889373599389300,0.5942451953880630,0.021557525053878500
2008,AL,2099819,0.38740434294574900,0.603169130291706,0.007662088970525560
2008,AR,1086617,0.3886465976512420,0.5871590449992960,0.024194357349461700
2008,AZ,2293475,0.4511525087476430,0.5363524782262720,0.011886765715780600
2008,CA,13561900,0.6101263834713430,0.36954858832464500,0.01883290689357690
2008,CO,2401361,0.5366023684069160,0.4470752210933720,0.016322410499712500
2008,CT,1646792,0.6058882967612180,0.3822146330562690,0.011635956453516900
2008,DC,265853,0.9245710975614340,0.06532557465968040,0.005822766716945080
2008,DE,412412,0.6194266898150390,0.36947033548975300,0.011102974695207700
2008,FL,8390744,0.5103330527066490,0.4821531916597620,0.007467156666917740
2008,GA,3924486,0.46990179096065100,0.5220451799292950,0.00732095871918004
2008,HI,456064,0.7145291011787820,0.2643620193657030,0.021108879455515000
2008,IA,1537123,0.5392802007386530,0.4439325935530210,0.012404342398103500
2008,ID,655122,0.3609098763283790,0.6151709147303860,0.02378182994923080
2008,IL,5522371,0.6191811452001320,0.36780922542147200,0.013007637480350400
2008,IN,2751054,0.4994591163968430,0.4891390717884850,0.010634833049442100
2008,KS,1235872,0.41651967194013600,0.5661225434349190,0.01735778462494500
2008,KY,1826620,0.4116811378392880,0.5739902114287590,0.014267335296887100
2008,LA,1960761,0.3993291380234510,0.5856272131075640,0.015043648868985100
2008,MA,3102995,0.6136319910280230,0.3573495928933180,0.02901841607865950
2008,MD,2631596,0.6191934476264590,0.364745196451127,0.012563478588658700
2008,ME,731163,0.5770573729797600,0.40384018337908200,0.01910244364115800
2008,MI,5001596,0.5743324730745950,0.40959705661952700,0.016070470305878400
2008,MN,2910369,0.5406029269827980,0.43822931044139100,0.017893607305465400
2008,MO,2925205,0.49292647865705100,0.49426074411878800,0.012785428713543200
2008,MS,1289865,0.43001554426238400,0.5617618898101740,0.008222565927442020
2008,MT,490109,0.4726846477008180,0.495324509445858,0.031990842853324500
2008,NC,4310851,0.49703666399047400,0.49374798618648600,0.005966803306354130
2008,ND,316621,0.44620540014717900,0.5325010027761900,0.02129359707663110
2008,NE,801281,0.415982657769247,0.5653185336979160,0.015158227887595000
2008,NH,710970,0.5412689705613460,0.44521428470962200,0.008792213454857450
2008,NJ,3868237,0.5727213715188600,0.4170393385927490,0.010239289888391000
2008,NM,830158,0.5690748026279340,0.4177903483433270,0.013134849028739100
2008,NV,967848,0.551466759243187,0.42654115108984100,0.0219920896669725
2008,NY,7722019,0.622239468719256,0.3564833238561060,0.021186298557411000
2008,OH,5708350,0.5150427006052540,0.4691057836327490,0.01576234813912950
2008,OK,1462661,0.343549188773065,0.656450811226935,NA
2008,OR,1827864,0.5674880625692070,0.40400981692292200,0.028502120507871500
2008,PA,6013272,0.5448552801203740,0.4416705247991440,0.011818690390190200
2008,RI,471766,0.6286400461245620,0.35057846474735400,0.016544218956007900
2008,SC,1920969,0.4489656001736620,0.5387364397863790,0.012297960039959
2008,SD,381975,0.44747431114601700,0.5315897637279930,0.02093592512598990
2008,TN,2599749,0.4182853806271300,0.5689695428289420,0.012745076543927900
2008,TX,8077795,0.4368312144588960,0.5545236045232640,0.006946945298809890
2008,UT,952370,0.3440574566607520,0.6258386971450170,0.03007024580782680
2008,VA,3723260,0.5262946987317570,0.46330500690255300,0.008693456809355240
2008,VT,325046,0.6745568319560920,0.30449228724549800,0.016446902899897200
2008,WA,3036878,0.5765289221364840,0.40476304942114900,0.018708028442367500
2008,WI,2983417,0.5621778651794240,0.4231366248834810,0.01468550993709560
2008,WV,713451,0.42589750382296800,0.5571034310695480,0.016874319329568500
2008,WY,254904,0.32509493770203700,0.6471377459749550,0.021800364058626000
2012,AK,300495,0.40812659112464400,0.5480157739729450,0.034306727233398200
2012,AL,2074338,0.3835903309875250,0.6054582232982280,0.00901781676853049
2012,AR,1069468,0.36878990301720100,0.6056693608410910,0.02554073614170780
2012,AZ,2299254,0.44589766941799400,0.536545331659747,0.01736041342104870
2012,CA,13038547,0.6023895914168960,0.371203785207048,0.024623525918954000
2012,CO,2569516,0.5149222655161520,0.4612709163904800,0.023806818093368600
2012,CT,1558204,0.5808501325885440,0.4074511424691500,0.011109585137761200
2012,DC,293764,0.9091311392818730,0.07278291417600520,0.015457986683187900
2012,DE,413890,0.5861074198458530,0.39982604073546100,0.014066539418686100
2012,FL,8474179,0.5000786506869870,0.49130977761975500,0.008606261444323990
2012,GA,3897839,0.45507959666882100,0.5332924217752450,0.011627981555933900
2012,HI,437159,0.7014793244563190,0.2768214768539590,0.02169919868972160
2012,IA,1582180,0.5198801653414910,0.46177868510536100,0.013637512798796600
2012,ID,652274,0.3262233355920980,0.6452978349589280,0.028478829448973900
2012,IL,5242014,0.5760213536247710,0.407327412708169,0.016491943745285700
2012,IN,2624534,0.43927302904058400,0.5412553238022450,0.01909329427624100
2012,KS,1159971,0.3799457055391900,0.5971132036921610,0.021960031759414700
2012,KY,1797212,0.37801327834445800,0.6049314159932160,0.016843867056307200
2012,LA,1994065,0.4057746362330220,0.5778457572847430,0.016379606482236000
2012,MA,3184196,0.6033830832021650,0.37319122315334900,0.023425693644486700
2012,MD,2707327,0.6197419077931850,0.3589773233894540,0.0174729539505202
2012,ME,724758,0.5537103419348250,0.40327392039825700,0.04008096495657860
2012,MI,4730961,0.5420820421051880,0.4471091602742020,0.009123516342662730
2012,MN,2936561,0.5265230315324630,0.4495820110666870,0.02027133098886760
2012,MO,2757323,0.4438348354545330,0.5376374113587710,0.018527753186695900
2012,MS,1285584,0.4378935954398940,0.5528584674358110,0.009247937124295260
2012,MT,484048,0.41698137374805800,0.553515353849205,0.029263626747760600
2012,NC,4505372,0.48350968577067600,0.5039306410214300,0.009880427187810460
2012,ND,321932,0.3881751425766930,0.5849682541654760,0.02107898562429330
2012,NE,794379,0.38027314417929000,0.5980319217904800,0.017015807316155100
2012,NH,710972,0.5197968415071200,0.4640379649268890,0.013776913858773600
2012,NJ,3638499,0.5834235491063760,0.4062356482714440,0.01034080262218020
2012,NM,783758,0.5299276052046680,0.4284332663909010,0.04163912840443100
2012,NV,1014918,0.5235624947040060,0.4567531564126360,0.019684348883358100
2012,NY,7116784,0.6283555887041110,0.3492352725613140,0.02236094280787500
2012,OH,5580822,0.5066674765831990,0.47688440878422600,0.016428941829716100
2012,OK,1334872,0.3322768025698340,0.6677231974301660,NA
2012,OR,1789270,0.54239326652769,0.42149871176513300,0.03610802170717670
2012,PA,5742040,0.520768577021407,0.46680866033674400,0.012422762641848500
2012,RI,446049,0.627009588632639,0.35243661570814000,0.017457723254620000
2012,SC,1964118,0.4408803340736150,0.5456113125586140,0.013508353367771200
2012,SD,363815,0.3986614075835250,0.5788931187554110,0.022445473661064000
2012,TN,2458577,0.39075814993795200,0.5947871471993760,0.014454702862672200
2012,TX,7993851,0.41383358283760900,0.5716697746805640,0.014165512967404600
2012,UT,1017440,0.2474966582796040,0.727905331026891,0.024559679194842000
2012,VA,3854489,0.5115645679621860,0.4728310289638910,0.013724517050120000
2012,VT,299290,0.665705503023823,0.3097263523672690,0.01774198937485380
2012,WA,3125516,0.5616339829967280,0.4129462143210910,0.02541980268218110
2012,WI,3071434,0.5277616253515460,0.4593834671361980,0.01285490751225650
2012,WV,670438,0.3553930415638730,0.6229584241943330,0.021648534241794200
2012,WY,250701,0.2763690611525280,0.6819358518713530,0.03357784771500710
2016,AK,318608,0.36550871290112000,0.5128151207753730,0.0927974187716567
2016,AL,2123372,0.3435794575797360,0.6208309236440910,0.02536437327043970
2016,AR,1130635,0.33653124129360900,0.6057410216382830,0.05772773706810770
2016,AZ,2573165,0.4512602184469320,0.4867161647232110,0.05466886111073330
2016,CA,14181595,0.6172639960455790,0.3161710653843940,0.058051157151223100
2016,CO,2780220,0.48156980382847400,0.4325139737143100,0.08591622245721560
2016,CT,1644920,0.5456630109670990,0.40926914378814800,0.043477494346229600
2016,DC,312575,0.9048388386787170,0.04070383108054070,0.03349916020155160
2016,DE,441590,0.5335333680563420,0.41922824339319300,0.04723838855046540
2016,FL,9420039,0.4782331580580510,0.49021941416590700,0.03153118580506940
2016,GA,4114732,0.4563998335736080,0.50771326054771,0.030453016138110600
2016,HI,437664,0.6098079805512910,0.29439707172625600,0.09579494772245380
2016,IA,1565580,0.41752513445496200,0.5116206134467740,0.05951915584000820
2016,ID,690255,0.27492013820979200,0.5926143236919690,0.13246553809823900
2016,IL,5536424,0.558253666987933,0.3876175307382530,0.05172978081158520
2016,IN,2734958,0.37774839686752000,0.5694003344841130,0.04899270848034960
2016,KS,1184402,0.36052370732234500,0.5665458180583960,0.0666260273116729
2016,KY,1924149,0.3268218833364780,0.6251963855190010,0.04759142873031140
2016,LA,2029032,0.3844956609851400,0.580886846535688,0.034617492479172300
2016,MA,3378821,0.5905006509667130,0.3228620279085520,0.08581158930881510
2016,MD,2781446,0.6032574423519280,0.3390930472854770,0.04154313979131720
2016,ME,771892,0.4634521409730900,0.43476678084498900,0.10178107818192200
2016,MI,4799284,0.4727453095086680,0.47497564219996100,0.05041314496079000
2016,MN,2944782,0.4644503396176700,0.4492519310427730,0.0770450919626648
2016,MO,2808605,0.3813523083523670,0.5677234783816170,0.048376329174091800
2016,MS,1209357,0.40114788271784100,0.5794103808883560,0.01944173639380270
2016,MT,494526,0.35935218775150300,0.5646619186857720,0.07598589356272470
2016,NC,4741564,0.46172866168209500,0.49828094696180400,0.02744368735716740
2016,ND,344360,0.27226739458706000,0.629556278313393,0.09711929376234170
2016,NE,844227,0.33698756377135500,0.5874735112712580,0.05652626603982100
2016,NH,744296,0.46826262669690600,0.46458666981953400,0.0509891226071348
2016,NJ,3874046,0.554530844496942,0.4135038665002950,0.03196528900276350
2016,NM,798319,0.48255647178634100,0.40042514333242700,0.11701838488123200
2016,NV,1125385,0.4791782367811900,0.4550069531760240,0.06581481004278540
2016,NY,7802084,0.5839624387535430,0.36138216404745200,0.05301275915511800
2016,OH,5496487,0.4355807627672000,0.5168765067578620,0.04457465286463880
2016,OK,1452992,0.2893168028454390,0.6532286481962740,0.05745454895828750
2016,OR,2001336,0.5007185200286210,0.39094035184496800,0.10834112812641200
2016,PA,6115402,0.4785361616456290,0.4857788580374600,0.0356849803169113
2016,RI,464144,0.5440660657037470,0.3889805749939670,0.046616998172980800
2016,SC,2103027,0.4067341978966510,0.5493933268569540,0.043872475246394800
2016,SD,370093,0.3173742815994900,0.615307503789588,0.06731821461092210
2016,TN,2508027,0.34716332798650100,0.6072203369421460,0.04011838788019430
2016,TX,8969226,0.4323525798101200,0.5223468557933540,0.03958535552566070
2016,UT,1131317,0.2746126859226900,0.4554081658810040,0.2699791481963060
2016,VA,3982752,0.49751352833417700,0.44427647013924000,0.05020799688255760
2016,VT,320467,0.5572274212321390,0.29759382401308100,0.07372365953436700
2016,WA,3317019,0.5253868006182660,0.3683268018663750,0.07378582998770880
2016,WI,2976150,0.4645384137224270,0.4721818456731010,0.059117988004636900
2016,WV,713051,0.26476928017771500,0.6863057481161940,0.04892497170609120
2016,WY,258788,0.2162890087639300,0.6739841105460840,0.08304867304511800
1976,ME-1,257923,0.479205034060553,0.492468682513773,0.0283262834256736
1976,ME-2,225045,0.482930080650537,0.485685085205181,0.0313848341442823
1980,ME-1,270436,0.434901418450206,0.466927480069222,0.0981711014805721
1980,ME-2,242158,0.426832894226084,0.463532074100381,0.109635031673535
1984,ME-1,293607,0.400024522576097,0.597642426781378,0.00233305064252555
1984,ME-2,258700,0.375202937765752,0.622450715114032,0.00234634712021647
1988,ME-1,NA,0.4388353887592670,0.5533542929725150,0.00781031826821732
1988,ME-2,NA,0.4388353887592670,0.5533542929725150,0.00781031826821732
1992,ME-1,NA,0.3876679730213000,0.30390626034769700,0.30842576663100300
1992,ME-2,NA,0.3876679730213000,0.30390626034769700,0.30842576663100300
1996,ME-1,NA,0.5162395588689170,0.3076067384390420,0.17615370269204200
1996,ME-2,NA,0.5162395588689170,0.3076067384390420,0.17615370269204200
2000,ME-1,348997,0.505141878010413,0.426023719401599,0.0688344025879879
2000,ME-2,302856,0.474344242808463,0.455655493039596,0.0700002641519402
2004,ME-1,384392,0.550747674249204,0.431392953027118,0.0178593727236779
2004,ME-2,356356,0.519533836949567,0.461271874193223,0.0191942888572102
2008,ME-1,NA,0.5770573729797600,0.40384018337908200,0.01910244364115800
2008,ME-2,NA,0.5770573729797600,0.40384018337908200,0.01910244364115800
2012,ME-1,374419,0.595682911390715,0.3817568018717,0.0225602867375854
2012,ME-2,336226,0.529399867945965,0.443793757770071,0.0268063742839638
2016,ME-1,NA,0.5396,0.3915,0.0689
2016,ME-2,NA,0.4097,0.5126,0.0777
1992,NE-1,NA,0.29403454157435600,0.4659750035929960,0.23999045483264800
1992,NE-2,NA,0.29403454157435600,0.4659750035929960,0.23999045483264800
1992,NE-3,NA,0.29403454157435600,0.4659750035929960,0.23999045483264800
1996,NE-1,NA,0.38,0.50,0.12
1996,NE-2,NA,0.38,0.53,0.09
1996,NE-3,NA,0.29,0.59,0.12
2000,NE-1,NA,0.36,0.59,0.05
2000,NE-2,NA,0.39,0.57,0.04
2000,NE-3,NA,0.25,0.71,0.04
2004,NE-1,NA,0.36,0.63,0.01
2004,NE-2,NA,0.38,0.6,0.02
2004,NE-3,NA,0.24,0.75,0.01
2008,NE-1,NA,0.4433,0.541,0.0157
2008,NE-2,NA,0.4997,0.4875,0.0128
2008,NE-3,NA,0.2963,0.6864,0.0173
2012,NE-1,264712,0.408300341503219,0.574288283115235,0.0174113753815467
2012,NE-2,266727,0.456980358193959,0.528540417730488,0.0144792240755529
2012,NE-3,259223,0.278177476535647,0.702356658166906,0.0194658652974466
2016,NE-1,NA,0.33698756377135500,0.5874735112712580,0.05652626603982100
2016,NE-2,NA,0.33698756377135500,0.5874735112712580,0.05652626603982100
2016,NE-3,NA,0.33698756377135500,0.5874735112712580,0.05652626603982100
